county,One Bedroom FMR,Monthly Salary
Gallatin,1347,3681.58333333333
Missoula,1346,3527.33333333333
Yellowstone,1308,4000.66666666667