county,Gallatin,Missoula,Yellowstone
One Bedroom FMR,715,735,708
Monthly Salary,3681.58333333333,3527.33333333333,4000.66666666667