county,Monthly Salary,One Bedroom FMR
Gallatin,3681.58333333333,1347
Missoula,3527.33333333333,1346
Yellowstone,4000.66666666667,1308
