Item,Gallatin,Missoula,Yellowstone
One Bedroom FMR,1347,1346,1308
Monthly Salary,3681.58333333333,3527.33333333333,4000.66666666667
